node_index,method,num_runs,mean_jaccard,min_jaccard,mean_spearman,max_abs_deviation,group_mean_jaccard,group_min_jaccard,group_mean_spearman
136551,gnnexplainer,10,0.793939393939394,0.6666666666666666,0.9702406373461326,0.3241807222366333,0.8222222222222222,0.5,0.9863247863247864
170429,gnnexplainer,10,0.7175861175861176,0.5384615384615384,0.9767793717367624,0.35121870040893555,0.7666666666666667,0.5,0.9841491841491843
150888,gnnexplainer,10,0.9636363636363637,0.8181818181818182,0.9862607859375419,3.8597335815429688,1.0,1.0,0.9895881895881896
160689,gnnexplainer,10,0.7723905723905724,0.6666666666666666,0.9820555243887599,0.7180819511413574,1.0,1.0,0.9961149961149961
154039,gnnexplainer,10,1.0,1.0,0.9849250067528059,2.433473587036133,0.7666666666666667,0.5,0.9752913752913754
201916,gnnexplainer,10,0.7316757316757316,0.5384615384615384,0.9889268826970856,0.45105981826782227,1.0,1.0,0.9967365967365968
174769,gnnexplainer,10,0.7872053872053871,0.6666666666666666,0.9774019952685838,0.502314031124115,1.0,1.0,0.9872571872571874
156014,gnnexplainer,10,0.927946127946128,0.6666666666666666,0.9659140924377482,0.9800980091094971,0.6777777777777778,0.5,0.9614607614607616
153009,gnnexplainer,10,0.8484848484848484,0.6666666666666666,0.9897692012088569,3.7213096618652344,1.0,1.0,0.9975135975135976
138359,gnnexplainer,10,0.8255892255892257,0.6666666666666666,0.9631952792693317,1.5097508430480957,1.0,1.0,0.9855477855477857
152136,gnnexplainer,10,0.9636363636363637,0.8181818181818182,0.9830265630148087,2.9082603454589844,1.0,1.0,0.9787101787101788
137831,gnnexplainer,10,0.7824915824915825,0.6666666666666666,0.9608022630062009,1.3982806205749512,1.0,1.0,0.9872571872571874
150802,gnnexplainer,10,0.8213934213934214,0.5384615384615384,0.9802033856045024,0.3105883002281189,0.8222222222222222,0.5,0.9773115773115775
141885,gnnexplainer,10,0.9070707070707071,0.8181818181818182,0.9905547392823327,1.0728411674499512,1.0,1.0,0.9797979797979799
202292,gnnexplainer,10,0.8282828282828283,0.6666666666666666,0.9901368667574958,0.5745368003845215,0.7333333333333333,0.5,0.9864801864801865
169364,gnnexplainer,10,1.0,1.0,0.9865881263412855,2.381288528442383,1.0,1.0,0.9912975912975914
143000,gnnexplainer,10,1.0,1.0,0.9860619714630883,4.326656341552734,1.0,1.0,0.9827505827505828
156901,gnnexplainer,10,0.713952713952714,0.42857142857142855,0.9803017539485364,2.7803449630737305,1.0,1.0,0.9886557886557887
170917,gnnexplainer,10,0.07938692046019187,0.05263157894736842,0.017567505795539888,0.3189096450805664,0.2688888888888889,0.0,0.5857031857031858
167298,gnnexplainer,10,0.9070707070707071,0.8181818181818182,0.9865211622543391,1.6154108047485352,1.0,1.0,0.9961149961149961
143208,gnnexplainer,10,0.7606319606319606,0.5384615384615384,0.9911035123494719,0.5349626541137695,0.7333333333333333,0.5,0.9855477855477857
164192,gnnexplainer,10,0.8363636363636363,0.6666666666666666,0.9777087952697711,1.1708064079284668,0.7666666666666667,0.5,0.9866355866355867
138377,gnnexplainer,10,0.9070707070707071,0.8181818181818182,0.9860707575312337,1.2708020210266113,1.0,1.0,0.993783993783994
168076,gnnexplainer,10,1.0,1.0,0.9754504789297621,1.520425796508789,1.0,1.0,0.9925407925407926
199096,gnnexplainer,10,0.8673400673400674,0.6666666666666666,0.9895474284425212,0.576825737953186,0.9,0.5,0.9914529914529916
194140,gnnexplainer,10,0.1869281045751634,0.1111111111111111,0.08963493293202376,0.2550802230834961,0.35111111111111115,0.2,0.6993006993006994
153891,gnnexplainer,10,0.9353535353535354,0.8181818181818182,0.9756577232804092,0.6164801120758057,1.0,1.0,0.9869463869463871
155552,gnnexplainer,10,0.9353535353535354,0.8181818181818182,0.9882410944591375,0.673161506652832,0.8222222222222222,0.5,0.9933177933177934
170111,gnnexplainer,10,0.737943537943538,0.5384615384615384,0.9754142660813248,0.5013103485107422,0.7444444444444445,0.5,0.9740481740481741
153011,gnnexplainer,10,0.9353535353535354,0.8181818181818182,0.9736765836442595,0.5117502212524414,1.0,1.0,0.9881895881895884
136551,shap_sampled,10,1.0,1.0,0.9632449926822418,0.02600431628525257,1.0,1.0,0.9595959595959597
170429,shap_sampled,10,0.7424501424501424,0.42857142857142855,0.9804999269942852,0.02892306260764599,0.6555555555555556,0.5,0.9841491841491843
150888,shap_sampled,10,0.4074074074074074,0.0,0.984818816554199,0.026295825839042664,1.0,1.0,0.9863247863247864
160689,shap_sampled,10,0.7214341214341214,0.42857142857142855,0.9866043704493789,0.03139480575919151,1.0,1.0,0.9898989898989901
154039,shap_sampled,10,0.8358974358974358,0.5384615384615384,0.971187655772301,0.025387294590473175,1.0,1.0,0.9637917637917639
201916,shap_sampled,10,1.0,1.0,0.9902683755832424,0.019076569005846977,1.0,1.0,0.9905205905205907
174769,shap_sampled,10,0.7242165242165243,0.5384615384615384,0.9939779924758532,0.012877963483333588,1.0,1.0,0.9972027972027971
156014,shap_sampled,10,0.5541051541051542,0.0,0.9882699468874084,0.03556711971759796,1.0,1.0,0.9891219891219892
153009,shap_sampled,10,0.7023273023273023,0.42857142857142855,0.9612128483482252,0.02764206752181053,0.9,0.5,0.962859362859363
138359,shap_sampled,10,1.0,1.0,0.9833546372527613,0.01824675127863884,0.7666666666666667,0.5,0.9790209790209791
152136,shap_sampled,10,0.8444444444444444,0.6666666666666666,0.9580066346278435,0.026155095547437668,0.7666666666666667,0.5,0.9442113442113443
137831,shap_sampled,10,1.0,1.0,0.98718560653103,0.017883550375699997,0.7666666666666667,0.5,0.9866355866355868
150802,shap_sampled,10,0.7675731675731675,0.5384615384615384,0.9429001157779472,0.023603934794664383,0.7222222222222222,0.5,0.9376845376845377
141885,shap_sampled,10,0.8857142857142857,0.42857142857142855,0.981825597193472,0.023513395339250565,1.0,1.0,0.9754467754467756
202292,shap_sampled,10,0.8076146076146076,0.5384615384615384,0.9897762707365746,0.021971091628074646,1.0,1.0,0.9900543900543902
169364,shap_sampled,10,1.0,1.0,0.9741887062475706,0.0334218367934227,1.0,1.0,0.9695415695415697
143000,shap_sampled,10,1.0,1.0,0.994205214356585,0.01843809336423874,1.0,1.0,0.9917637917637918
156901,shap_sampled,10,0.7846153846153846,0.5384615384615384,0.9855993574899305,0.01764936000108719,1.0,1.0,0.9841491841491843
170917,shap_sampled,10,1.0,1.0,0.9806523647201116,0.06466078758239746,0.8222222222222222,0.5,0.9818181818181819
167298,shap_sampled,10,0.38383838383838387,0.0,0.940408207306938,0.03113924153149128,0.8222222222222222,0.5,0.9434343434343435
143208,shap_sampled,10,1.0,1.0,0.9753947576666088,0.01637311652302742,0.7666666666666667,0.5,0.9766899766899767
164192,shap_sampled,10,0.4296296296296296,0.0,0.9928833102659187,0.02042461931705475,0.7333333333333333,0.5,0.9892773892773893
138377,shap_sampled,10,0.7894179894179895,0.42857142857142855,0.9616796066867557,0.026326263323426247,0.7333333333333333,0.5,0.9622377622377624
168076,shap_sampled,10,0.9151515151515152,0.8181818181818182,0.9623264806597625,0.026929086074233055,0.7666666666666667,0.5,0.9622377622377624
199096,shap_sampled,10,0.9333333333333333,0.6666666666666666,0.9986780959093337,0.024056658148765564,1.0,1.0,0.9986013986013986
194140,shap_sampled,10,0.3846153846153846,0.0,0.9899135244693187,0.04908955097198486,1.0,1.0,0.9900543900543902
153891,shap_sampled,10,0.8857142857142857,0.42857142857142855,0.9795409442500863,0.020149964839220047,0.9,0.5,0.9830613830613831
155552,shap_sampled,10,0.8767676767676768,0.6666666666666666,0.9957254668293267,0.027195975184440613,0.7666666666666667,0.5,0.9939393939393941
170111,shap_sampled,10,0.758027158027158,0.42857142857142855,0.9711893893778105,0.029406093060970306,1.0,1.0,0.9715617715617717
153011,shap_sampled,10,0.27708587708587706,0.0,0.9535672295952764,0.028024299070239067,0.6444444444444445,0.5,0.9435897435897437
136551,shap_exact,10,1.0,1.0,1.0,1.862645149230957e-09,1.0,1.0,1.0
170429,shap_exact,10,1.0,1.0,1.0,3.725290298461914e-09,1.0,1.0,1.0
150888,shap_exact,10,1.0,1.0,1.0,7.450580596923828e-09,1.0,1.0,1.0
160689,shap_exact,10,1.0,1.0,1.0,7.450580596923828e-09,1.0,1.0,1.0
154039,shap_exact,10,1.0,1.0,1.0,9.313225746154785e-09,1.0,1.0,1.0
201916,shap_exact,10,1.0,1.0,1.0,7.450580596923828e-09,1.0,1.0,1.0
174769,shap_exact,10,1.0,1.0,1.0,3.725290298461914e-09,1.0,1.0,1.0
156014,shap_exact,10,1.0,1.0,1.0,7.450580596923828e-09,1.0,1.0,1.0
153009,shap_exact,10,1.0,1.0,1.0,7.450580596923828e-09,1.0,1.0,1.0
138359,shap_exact,10,1.0,1.0,1.0,7.450580596923828e-09,1.0,1.0,1.0
152136,shap_exact,10,1.0,1.0,1.0,7.450580596923828e-09,1.0,1.0,1.0
137831,shap_exact,10,1.0,1.0,1.0,1.4901161193847656e-08,1.0,1.0,1.0
150802,shap_exact,10,1.0,1.0,1.0,7.450580596923828e-09,1.0,1.0,1.0
141885,shap_exact,10,1.0,1.0,1.0,1.4901161193847656e-08,1.0,1.0,1.0
202292,shap_exact,10,1.0,1.0,1.0,1.862645149230957e-09,1.0,1.0,1.0
169364,shap_exact,10,1.0,1.0,1.0,7.450580596923828e-09,1.0,1.0,1.0
143000,shap_exact,10,1.0,1.0,1.0,7.450580596923828e-09,1.0,1.0,1.0
156901,shap_exact,10,1.0,1.0,1.0,1.4901161193847656e-08,1.0,1.0,1.0
170917,shap_exact,10,1.0,1.0,1.0,1.862645149230957e-08,1.0,1.0,1.0
167298,shap_exact,10,1.0,1.0,1.0,7.450580596923828e-09,1.0,1.0,1.0
143208,shap_exact,10,1.0,1.0,1.0,3.725290298461914e-09,1.0,1.0,1.0
164192,shap_exact,10,1.0,1.0,1.0,7.450580596923828e-09,1.0,1.0,1.0
138377,shap_exact,10,1.0,1.0,1.0,7.450580596923828e-09,1.0,1.0,1.0
168076,shap_exact,10,1.0,1.0,1.0,7.450580596923828e-09,1.0,1.0,1.0
199096,shap_exact,10,1.0,1.0,1.0,7.450580596923828e-09,1.0,1.0,1.0
194140,shap_exact,10,1.0,1.0,1.0,2.9802322387695312e-08,1.0,1.0,1.0
153891,shap_exact,10,1.0,1.0,1.0,7.450580596923828e-09,1.0,1.0,1.0
155552,shap_exact,10,1.0,1.0,1.0,3.725290298461914e-09,1.0,1.0,1.0
170111,shap_exact,10,1.0,1.0,1.0,3.725290298461914e-09,1.0,1.0,1.0
153011,shap_exact,10,1.0,1.0,1.0,7.450580596923828e-09,1.0,1.0,1.0
